strain,mutation,avg.ic50,avg.ic50.fc,sd.ic50.fc,se.ic50.fc,avg.ic50.log2.fc,sd.ic50.log2.fc,avg.fitness,sd.fitness,se.fitness,colony.label,r,cs,toa,line,experiment,time.point,treatment,Cluster,colony
G_plus_8,ohrR P4* fs,6.833333333333333,3.0873984834380876,1.069629076194053,0.5348145380970265,1.5520944493772242,0.5115061910591919,0.9922894091434173,0.023249674267327432,0.011624837133663716,G.I.post.plus_8_2,2132.0613357724146,28814.986294400773,50.337516001752604,G,I,post,plus,2,8
G_plus_16,ohrR P4* fs,5.956666666666667,2.610082638835793,0.587895645081562,0.293947822540781,1.3534290461685305,0.3263807164090553,1.0582077506447012,0.0093756162230557525,0.004687808111527876,G.I.post.plus_16_2,3446.997485249598,50595.886893278315,47.85762936788536,G,I,post,plus,1,16
B_plus_12,mfs1 G105D,3.1933333333333334,1.3857789186880651,0.25659196726233,0.128295983631165,0.45174926522807374,0.2509085257769699,0.9185829293825057,0.0728479578300807,0.03642397891504035,B.I.post.plus_12_2,1200.798262075432,17057.820607327798,50.10752311883686,B,I,post,plus,2,12
H_plus_4,ntaA_5 E50* fs,3.1116666666666664,1.3772518708563952,0.12247894634828499,0.061239473174142495,0.4572181219874721,0.12467971390817048,0.9873859723913765,0.029149703090751267,0.014574851545375633,H.I.post.plus_4_2,2616.997509213063,35893.90183097915,50.04752925827619,H,I,post,plus,1,4
H_plus_8,ntaA_5 E50* fs,3.035,1.3479738768289082,0.061321922200445134,0.030660961100222567,0.4295748279279628,0.064588206244464,1.0316902903560468,0.037114239981144194,0.018557119990572097,H.I.post.plus_8_2,2614.7340130883385,38069.745583070995,48.52759874074465,H,I,post,plus,1,8
B_plus_103,fas1 E177G,2.911,0.974556411114831,0.10427299590224645,0.052136497951123226,-0.04457584556247387,0.14775724389751557,1.006366993905164,0.032503121478568056,0.016251560739284028,B.I.post.plus_103_1,2504.0310173287153,32638.199682632836,47.47755451292005,B,I,post,plus,1,103
